{
  "project_info": {
    "project_number": "234811314565",
    "project_id": "peliculas-aa255",
    "storage_bucket": "peliculas-aa255.appspot.com"
  },
  "client": [
    {
      "client_info": {
        "mobilesdk_app_id": "1:234811314565:android:6dab782d46ea528aedb4ec",
        "android_client_info": {
          "package_name": "com.example.prollectofinal"
        }
      },
      "oauth_client": [
        {
          "client_id": "234811314565-18e9r7nvrtrb1clav2q0pt3mk6n9mp8q.apps.googleusercontent.com",
          "client_type": 3
        }
      ],
      "api_key": [
        {
          "current_key": "AIzaSyD01CM6A9Hxw5pVd9JoMzPdr-FJYhzTlR8"
        }
      ],
      "services": {
        "appinvite_service": {
          "other_platform_oauth_client": [
            {
              "client_id": "234811314565-18e9r7nvrtrb1clav2q0pt3mk6n9mp8q.apps.googleusercontent.com",
              "client_type": 3
            }
          ]
        }
      }
    },
    {
      "client_info": {
        "mobilesdk_app_id": "1:234811314565:android:1257605cbdf3ebfeedb4ec",
        "android_client_info": {
          "package_name": "com.sena.proyectofinal"
        }
      },
      "oauth_client": [
        {
          "client_id": "234811314565-nc60n6lgnv72sljb848gcvuriib4vsmj.apps.googleusercontent.com",
          "client_type": 1,
          "android_info": {
            "package_name": "com.sena.proyectofinal",
            "certificate_hash": "8b0d45baa0542f4d3f1ac3d96a7a9b6031f13090"
          }
        },
        {
          "client_id": "234811314565-18e9r7nvrtrb1clav2q0pt3mk6n9mp8q.apps.googleusercontent.com",
          "client_type": 3
        }
      ],
      "api_key": [
        {
          "current_key": "AIzaSyD01CM6A9Hxw5pVd9JoMzPdr-FJYhzTlR8"
        }
      ],
      "services": {
        "appinvite_service": {
          "other_platform_oauth_client": [
            {
              "client_id": "234811314565-18e9r7nvrtrb1clav2q0pt3mk6n9mp8q.apps.googleusercontent.com",
              "client_type": 3
            }
          ]
        }
      }
    }
  ],
  "configuration_version": "1"
}